model,dataset,algo,fitting_time,selecting_time,optimizing_time,iteration,seed
RandomForest,breast,BLVanillaEIBO,0,0,0,1,2
RandomForest,breast,BLVanillaEIBO,0,0,0,2,2
RandomForest,breast,BLVanillaEIBO,0,0,0,3,2
RandomForest,breast,BLVanillaEIBO,0,0,0,4,2
RandomForest,breast,BLVanillaEIBO,0,0,0,5,2
RandomForest,breast,BLVanillaEIBO,0,0,0.47363654199580196,6,2
RandomForest,breast,BLVanillaEIBO,0,0,0.47363654199580196,7,2
RandomForest,breast,BLVanillaEIBO,0,0,0.47363654199580196,8,2
RandomForest,breast,BLVanillaEIBO,0,0,0.47363654199580196,9,2
RandomForest,breast,BLVanillaEIBO,0,0,0.6521466249978403,10,2
RandomForest,breast,BLVanillaEIBO,0,0,0.6521466249978403,11,2
RandomForest,breast,BLVanillaEIBO,0,0,0.6521466249978403,12,2
RandomForest,breast,BLVanillaEIBO,0,0,0.6521466249978403,13,2
RandomForest,breast,BLVanillaEIBO,0,0,0.870521083008498,14,2
RandomForest,breast,BLVanillaEIBO,0,0,0.870521083008498,15,2
RandomForest,breast,BLVanillaEIBO,0,0,0.870521083008498,16,2
RandomForest,breast,BLVanillaEIBO,0,0,0.870521083008498,17,2
RandomForest,breast,BLVanillaEIBO,0,0,1.8496163750096457,18,2
RandomForest,breast,BLVanillaEIBO,0,0,1.8496163750096457,19,2
RandomForest,breast,BLVanillaEIBO,0,0,1.8496163750096457,20,2
RandomForest,breast,BLVanillaEIBO,0,0,1.8496163750096457,21,2
RandomForest,breast,BLVanillaEIBO,0,0,1.3366477090021363,22,2
RandomForest,breast,BLVanillaEIBO,0,0,1.3366477090021363,23,2
RandomForest,breast,BLVanillaEIBO,0,0,1.3366477090021363,24,2
RandomForest,breast,BLVanillaEIBO,0,0,1.3366477090021363,25,2
RandomForest,breast,BLVanillaEIBO,0,0,0.27392404100100975,26,2
RandomForest,breast,BLVanillaEIBO,0,0,0.27392404100100975,27,2
RandomForest,breast,BLVanillaEIBO,0,0,0.27392404100100975,28,2
RandomForest,breast,BLVanillaEIBO,0,0,0.27392404100100975,29,2
RandomForest,breast,BLVanillaEIBO,0,0,0.24327766698843334,30,2
RandomForest,breast,BLVanillaEIBO,0,0,0.24327766698843334,31,2
RandomForest,breast,BLVanillaEIBO,0,0,0.24327766698843334,32,2
RandomForest,breast,BLVanillaEIBO,0,0,0.24327766698843334,33,2
